{
    "spider":"https://files.zohopublic.com.cn/public/workdrive-public/download/uyv0t678c488189af47bb91dc108484d17431;md5;2648825eee03cb548b2c411002a7aad9", 
    "sites": [
	{
	    "key":"Alist",
	    "name":"Alist",
	    "type":3,
	    "api":"DOCKER_ADDRESS/tvbox/libs/alist.min.js",
	    "searchable":1,
	    "quickSearch":1,
	    "filterable":0,
	    "ext":"DOCKER_ADDRESS/tvbox/json/alist.json;200;video"
	},
	{
            "key":"Alist1",
            "name":"我的收藏",
            "type":3,
            "api":"DOCKER_ADDRESS/tvbox/libs/alist.min.js",
            "searchable":0,
            "quickSearch":0,
            "filterable":0,
            "ext":"DOCKER_ADDRESS/tvbox/json/myalist.json;200;video"
        },
	{
            "key": "豆瓣",
            "name": "🔍豆瓣荐片",
            "type": 3,
            "api": "https://drpy.cainisi.cf/libs/drpy2.min.js",
            "searchable": 0,
            "quickSearch": 0,
            "filterable": 0,
            "ext": "https://drpy.cainisi.cf/js/drpy.js"
        },
        {
            "key": "dr_菜狗",
            "name": "菜狗(drpy)",
            "type": 3,
            "api": "DOCKER_ADDRESS/tvbox/libs/drpy.min.js",
            "searchable": 2,
            "quickSearch": 0,
            "filterable": 1,
            "ext": "DOCKER_ADDRESS/tvbox/js/菜狗.js"
        },
        {
            "key": "dr_荐片",
            "name": "荐片(drpy)",
            "type": 3,
            "api": "DOCKER_ADDRESS/tvbox/libs/drpy.min.js",
            "searchable": 2,
            "quickSearch": 0,
            "filterable": 1,
            "ext": "DOCKER_ADDRESS/tvbox/js/荐片.js"
        },
        {
            "key": "dr_360影视",
            "name": "360影视(drpy)",
            "type": 3,
            "api": "DOCKER_ADDRESS/tvbox/libs/drpy.min.js",
            "searchable": 2,
            "quickSearch": 0,
            "filterable": 0,
            "ext": "DOCKER_ADDRESS/tvbox/js/360影视.js"
        },
        {
            "key": "dr_腾云驾雾",
            "name": "腾云驾雾(drpy)",
            "type": 3,
            "api": "DOCKER_ADDRESS/tvbox/libs/drpy.min.js",
            "searchable": 2,
            "quickSearch": 0,
            "filterable": 1,
            "ext": "DOCKER_ADDRESS/tvbox/js/腾云驾雾.js"
        },
        {
            "key": "dr_百忙无果",
            "name": "百忙无果(drpy)",
            "type": 3,
            "api": "DOCKER_ADDRESS/tvbox/libs/drpy.min.js",
            "searchable": 2,
            "quickSearch": 0,
            "filterable": 1,
            "ext": "DOCKER_ADDRESS/tvbox/js/百忙无果.js"
        },
	{
		"key":"88看球",
		"name":"⚽88看球",
		"type":3,
		"api":"DOCKER_ADDRESS/tvbox/libs/drpy2.min.js",
		"searchable":0,
		"quickSearch":0,
		"filterable":1,
		"ext":"DOCKER_ADDRESS/tvbox/js/88看球.js"
	},
        {
            "key": "csp_Czsapp",
            "name": "📔厂长┃直连",
            "type": 3,
            "api": "csp_Czsapp",
            "m3u8ads": "hd.youyhn.com",
            "playerType": 2,
            "searchable": 1,
            "quickSearch": 1,
            "filterable": 1
        },
        {
            "key": "csp_DiDuan",
            "name": "⏮️低端┃直连",
            "type": 3,
            "api": "csp_Ddrk",
            "searchable": 1,
            "quickSearch": 1,
            "filterable": 0
        },
        {
            "key": "csp_Lib",
            "name": "🌟利奥┃直连",
            "type": 3,
            "api": "csp_Libvio",
            "searchable": 1,
            "quickSearch": 1,
            "filterable": 1,
            "ext": "https://tv.libvio.cc/"
        },
        {
            "key": "迪迪",
            "name": "😎迪迪┃App",
            "api": "csp_AppYsV2",
            "type": 3,
            "filterable": 1,
            "quickSearch": 1,
            "searchable": 1,
            "ext": "https://api123.adys.app/xgapp.php/v3/"
        },
        {
            "key": "csp_Dm84",
            "name": "🚌动漫┃巴士",
            "type": 3,
            "api": "csp_Dm84",
            "searchable": 1,
            "quickSearch": 1,
            "filterable": 1
        },
        {
            "key": "csp_Ysj",
            "name": "🎀异界┃动漫",
            "type": 3,
            "api": "csp_Ysj",
            "searchable": 1,
            "quickSearch": 1,
            "filterable": 1
        },
        {
            "key": "csp_XBPQ_聚短视频",
            "name": "📽️聚短┃视频",
            "type": 3,
            "api": "csp_XBPQ",
            "searchable": 0,
            "quickSearch": 0,
            "filterable": 0,
            "ext": "http://饭太硬.top/x/xbpq/短视频.json"
        },
        {
            "key": "少儿教育",
            "name": "📚少儿┃教育",
            "type": 3,
            "api": "csp_Bili",
            "searchable": 0,
            "quickSearch": 0,
            "filterable": 1,
            "ext": "http://饭太硬.top/x/json/少儿教育.json"
        },
	{
		"key":"csp_apple",
		"name":"🍎苹果┃App",	
		"type":3,
		"api":"csp_LiteApple",
		"playerType":1,
		"searchable":1,
		"quickSearch":1,
		"filterable":1
	},
	{
		"key": "玩偶哥哥",
		"name":"💧玩偶┃4K",
		"type":3,
		"api":"csp_WoGG",
		"searchable":1,
		"quickSearch":1,
		"filterable":1,
		"ext":"http://127.0.0.1:9978/file/tvfan/token.txt+4k|fhd|auto$$$http://tvfan.xxooo.cf/"
	},
	{
		"key":"虎牙直播js",
		"name":"🐯虎牙┃直播",
		"type":3,
		"api":"https://agit.ai/fantaiying/fty/raw/branch/master/JS/lib/drpy.min.js",
		"ext":"https://agit.ai/fantaiying/dr_py/raw/branch/main/js/虎牙直播.js",
		"searchable": 0,
		"quickSearch": 0,
		"filterable": 0
	},
	{
		"key":"csp_XYQBiu_斗鱼",
		"name":"🐟斗鱼┃直播",
		"type":3,
		"api":"csp_XYQBiu",
		"searchable":0,
		"quickSearch":0,
		"filterable":0,
		"ext":"http://饭太硬.top/x/XYQ/斗鱼直播.json"
	},
	{
		"key":"csp_Bili",
		"name":"🅱哔哔┃合集",
		"type": 3,
		"api": "csp_Bili",
		"searchable":1,
		"quickSearch": 1,
		"filterable": 1,
		"changeable":0,
		"ext":"http://饭太硬.top/x/json/bilibili.json"
	},
        {
            "key": "UpYun",
            "name": "😻Up搜┃搜索",
            "type": 3,
            "api": "csp_UpYun",
            "searchable": 1,
            "quickSearch": 1,
            "filterable": 0,
            "changeable": 0,
            "ext": "http://127.0.0.1:9978/file/tvfan/token.txt+4k|fhd|auto"
        },
        {
            "key": "PanSou",
            "name": "🦊盘搜┃搜索",
            "type": 3,
            "api": "csp_PanSou",
            "searchable": 1,
            "quickSearch": 1,
            "filterable": 0,
            "changeable": 0,
            "ext": "http://127.0.0.1:9978/file/tvfan/token.txt+4k|fhd|auto"
        }	
    ],
"parses":[
	{"name":"聚合1","type":3,"url":"Demo"},
	{"name":"聚合0","type":3,"url":"Web"},
	{"name":"全部","type":0,"url":"https://jx.777jiexi.com/player/?url=","ext":{"flag":["qq","腾讯","qiyi","爱奇艺","奇艺","youku","优酷","mgtv","imgo","芒果","letv","乐视","pptv","PPTV","sohu","bilibili","哔哩哔哩","哔哩"],"header":{"User-Agent":"okhttp/4.1.0"}}},
	{"name":"来自","type":0,"url":"https://jx.bozrc.com:4433/player/?url=","ext":{"flag":["qq","腾讯","qiyi","爱奇艺","奇艺","youku","优酷","mgtv","imgo","芒果","letv","乐视","pptv","PPTV","sohu","bilibili","哔哩哔哩","哔哩"],"header":{"User-Agent":"okhttp/4.1.0"}}},
	{"name":"网络","type":1,"url":"http://jx.pandown.pro/home/api?type=ys&uid=2691632&key=bchmpqsDJMSTWX0568&url=","ext":{"flag":["qq","腾讯","qiyi","爱奇艺","奇艺","youku","优酷","sohu","搜狐","letv","乐视","mgtv","芒果","imgo","rx","ltnb","bilibili","1905","xigua"]}},
	{"name":"大家","type":1,"url":"http://110.42.2.247:880/analysis/json/?uid=2056&my=efjkmvBGHILMSUWXY0&url=","ext":{"flag":["qq","腾讯","qiyi","爱奇艺","奇艺","youku","优酷","sohu","搜狐","letv","乐视","imgo","mgtv","芒果","rx","ltnb","bilibili","1905","xigua"]}},
	{"name":"随便","type":0,"url":"https://jx.zhanlangbu.com/?url=","ext":{"flag":["qq","腾讯","qiyi","爱奇艺","奇艺","youku","优酷","mgtv","芒果","imgo","letv","乐视","pptv","PPTV","sohu","bilibili","哔哩哔哩","哔哩"],"header":{"User-Agent":"okhttp/4.1.0"}}},
	{"name":"拿","type":1,"url":"https://b.umkan.cc/API.php?url=","ext":{"flag":["qq","腾讯","企鹅","IQiYi","qiyi","imgo","爱奇艺","奇艺","youku","YouKu","优酷","sohu","SoHu","搜狐","letv","LeShi","乐视","imgo","mgtv","MangGuo","芒果","SLYS4k","BYGA","luanzi","AliS","dxzy","bilibili","QEYSS","xigua","西瓜视频","腾讯视频","奇艺视频","优酷视频","芒果视频","乐视视频"]}},
	{"name":"去用","type":0,"url":"https://jx.ccabc.cc/xc/?key=5567332json&url="},
	{"name":"坏了","type":0,"url":"http://27.124.4.42:4567/jhjson/ceshi.php?url=","ext":{"flag":["qq","腾讯","qiyi","爱奇艺","奇艺","youku","优酷","mgtv","imgo","芒果","letv","乐视","pptv","PPTV","sohu","bilibili","哔哩哔哩","哔哩"],"header":{"User-Agent":"okhttp/4.1.0"}}},
	{"name":"我再","type":0,"url":"http://27.124.4.42:4567/jhjson/ceshi.php?url=","ext":{"flag":["qq","腾讯","qiyi","爱奇艺","奇艺","youku","优酷","mgtv","imgo","芒果","letv","乐视","pptv","PPTV","sohu","bilibili","哔哩哔哩","哔哩"],"header":{"User-Agent":"okhttp/4.1.0"}}},
	{"name":"找来","type":1,"url":"https://b.umkan.cc/API.php?url=","ext":{"flag":["qq","腾讯","企鹅","IQiYi","qiyi","爱奇艺","奇艺","youku","YouKu","优酷","sohu","SoHu","搜狐","letv","LeShi","乐视","imgo","mgtv","MangGuo","imgo","芒果","SLYS4k","BYGA","luanzi","AliS","dxzy","bilibili","QEYSS","xigua","西瓜视频","腾讯视频","奇艺视频","优酷视频","芒果视频","乐视视频"]}}
],

"rules":[	
 	{"host":"pdsapi.aliyundrive.com","rule":["/redirect"]},
    	{"host":"*","rule":["http((?!http).){12,}?\\.(m3u8|mp4|flv|avi|mkv|rm|ts|wmv|mpg|ape|flac|wav|wma|m4a|srt|ass|ssa|vtt)\\?.*"]},
    	{"host":"*","rule":["http((?!http).){12,}\\.(m3u8|mp4|flv|avi|mkv|rm|ts|wmv|mpg|ape|flac|wav|wma|m4a|srt|ass|ssa|vtt)"]},
	{"name":"量子","hosts":["vip.lz","hd.lz"],"regex":["#EXT-X-DISCONTINUITY\\r*\\n*#EXTINF:6.433333,[\\s\\S]*?#EXT-X-DISCONTINUITY","#EXTINF.*?\\s+.*?1o.*?\\.ts\\s+"]},
	{"name":"非凡","hosts":["vip.ffzy","hd.ffzy"],"regex":["#EXT-X-DISCONTINUITY\\r*\\n*#EXTINF:6.666667,[\\s\\S]*?#EXT-X-DISCONTINUITY","#EXTINF.*?\\s+.*?1o.*?\\.ts\\s+"]},
	{"name":"火山嗅探","hosts":["huoshan.com"],"regex":["item_id="]},
	{"name":"抖音嗅探","hosts":["douyin.com"],"regex":["is_play_url="]}
],
    "flags": [
        "imgo",
        "youku",
        "qq",
        "iqiyi",
        "qiyi",
        "fun",
        "letv",
        "leshi",
        "sohu",
        "tudou",
        "xigua",
        "cntv",
        "1905",
        "pptv",
        "mgtv",
        "wasu",
        "bilibili",
        "renrenmi",
        "youku",
        "优酷",
        "优 酷",
        "优酷视频",
        "qq",
        "腾讯",
        "腾 讯",
        "腾讯视频",
        "iqiyi",
        "qiyi",
        "奇艺",
        "爱奇艺",
        "爱 奇 艺",
        "m1905",
        "xigua",
        "letv",
        "leshi",
        "乐视",
        "乐 视",
        "sohu",
        "搜狐",
        "搜 狐",
        "搜狐视频",
        "tudou",
        "pptv",
        "mgtv",
        "芒果",
        "imgo",
        "芒果TV",
        "芒 果 T V",
        "bilibili",
        "哔 哩",
        "哔 哩 哔 哩"
    ],
    "hotSearch": [
        {
            "name": "mobilesearch",
            "request": {
                "method": "GET",
                "header": [
                    {
                        "key": "Referer",
                        "value": "http://101.34.67.237"
                    }
                ],
                "url": {
                    "raw": "/tvbox/hotsugg?t={time}"
                }
            },
            "response": {
                "result": "$.data",
                "data": [
                    {
                        "key": "keyword",
                        "value": "title"
                    }
                ]
            }
        }
    ],
"lives":[
        {
                "name":"电视直播",
                "type":0,
                "url":"http://home.jundie.top:81/Cat/tv/live.txt",
                "playerType":1,
                "ua": "okhttp/3.12.13",
                "epg":"http://epg.112114.xyz/?ch={name}&date={date}",
                "logo": "https://epg.112114.xyz/logo/{name}.png"
        },
        {
                "name":"晴天",
                "type":0,
		"playerType":1,
                "url":"https://ghproxy.com/https://raw.githubusercontent.com/wuyun999/wuyun/main/zb/aptv.txt",
                "epg":"http://epg.112114.xyz/?ch={name}&date={date}",
                "logo":"https://epg.112114.xyz/logo/{name}.png"
        },
        {
                "name":"IPTV6专用",
                "type":0,
                "url":"https://ghproxy.com/https://raw.githubusercontent.com/Kimentanm/aptv/master/m3u/iptv.m3u",
		"playerType":1,
                "epg":"http://epg.112114.xyz/?ch={name}&date={date}",
                "logo":"https://epg.112114.xyz/logo/{name}.png"
        },
        {
                "name":"我的私用",
                "type":0,
                "url":"DOCKER_ADDRESS/tvbox/iptv.m3u",
                "playerType":2,
                "epg":"http://epg.112114.xyz/?ch={name}&date={date}",
                "logo":"https://epg.112114.xyz/logo/{name}.png"
        }
],
    "sniffer": {
        "userAgent": "Mozilla/5.0 (Windows NT 10.0; Win64; x64) AppleWebKit/537.36 (KHTML, like Gecko) Chrome/105.0.0.0 Safari/537.36 Edg/105.0.1343.27",
        "isVideoFormat": "http((?!http).){26,}\\.(m3u8|mp4|flv|avi|mkv|wmv|mpg|mpeg|mov|ts|3gp|rm|rmvb|asf|m4a|mp3|wma)",
        "custom": [
            {
                "url": "/Cloud/Down/AliCloud/",
                "mimeType": "text/html",
                "encoding": "utf-8",
                "header": {
                    "Referer": "https://zxzj.vip/"
                }
            },
            {
                "url": "ysting.ysxs8.vip",
                "mimeType": "text/html",
                "encoding": "utf-8",
                "header": {
                    "Referer": "http://ysting.ysxs8.vip:81"
                }
            }
        ]
    },
    "ijk": [
        {
            "group": "软解码",
            "options": [
                {
                    "category": 4,
                    "name": "opensles",
                    "value": "0"
                },
                {
                    "category": 4,
                    "name": "overlay-format",
                    "value": "842225234"
                },
                {
                    "category": 4,
                    "name": "framedrop",
                    "value": "1"
                },
                {
                    "category": 4,
                    "name": "soundtouch",
                    "value": "1"
                },
                {
                    "category": 4,
                    "name": "start-on-prepared",
                    "value": "1"
                },
                {
                    "category": 1,
                    "name": "http-detect-range-support",
                    "value": "0"
                },
                {
                    "category": 1,
                    "name": "fflags",
                    "value": "fastseek"
                },
                {
                    "category": 2,
                    "name": "skip_loop_filter",
                    "value": "48"
                },
                {
                    "category": 4,
                    "name": "reconnect",
                    "value": "1"
                },
                {
                    "category": 4,
                    "name": "max-buffer-size",
                    "value": "5242880"
                },
                {
                    "category": 4,
                    "name": "enable-accurate-seek",
                    "value": "0"
                },
                {
                    "category": 4,
                    "name": "mediacodec",
                    "value": "0"
                },
                {
                    "category": 4,
                    "name": "mediacodec-auto-rotate",
                    "value": "0"
                },
                {
                    "category": 4,
                    "name": "mediacodec-handle-resolution-change",
                    "value": "0"
                },
                {
                    "category": 4,
                    "name": "mediacodec-hevc",
                    "value": "0"
                }
            ]
        },
        {
            "group": "硬解码",
            "options": [
                {
                    "category": 4,
                    "name": "opensles",
                    "value": "0"
                },
                {
                    "category": 4,
                    "name": "overlay-format",
                    "value": "842225234"
                },
                {
                    "category": 4,
                    "name": "framedrop",
                    "value": "1"
                },
                {
                    "category": 4,
                    "name": "soundtouch",
                    "value": "1"
                },
                {
                    "category": 4,
                    "name": "start-on-prepared",
                    "value": "1"
                },
                {
                    "category": 1,
                    "name": "http-detect-range-support",
                    "value": "0"
                },
                {
                    "category": 1,
                    "name": "fflags",
                    "value": "fastseek"
                },
                {
                    "category": 2,
                    "name": "skip_loop_filter",
                    "value": "48"
                },
                {
                    "category": 4,
                    "name": "reconnect",
                    "value": "1"
                },
                {
                    "category": 4,
                    "name": "max-buffer-size",
                    "value": "5242880"
                },
                {
                    "category": 4,
                    "name": "enable-accurate-seek",
                    "value": "0"
                },
                {
                    "category": 4,
                    "name": "mediacodec",
                    "value": "1"
                },
                {
                    "category": 4,
                    "name": "mediacodec-auto-rotate",
                    "value": "1"
                },
                {
                    "category": 4,
                    "name": "mediacodec-handle-resolution-change",
                    "value": "1"
                },
                {
                    "category": 4,
                    "name": "mediacodec-hevc",
                    "value": "1"
                }
            ]
        }
    ],
    "ads": [
        "mimg.0c1q0l.cn",
        "www.googletagmanager.com",
        "www.google-analytics.com",
        "mc.usihnbcq.cn",
        "mg.g1mm3d.cn",
        "mscs.svaeuzh.cn",
        "cnzz.hhttm.top",
        "tp.vinuxhome.com",
        "cnzz.mmstat.com",
        "www.baihuillq.com",
        "s23.cnzz.com",
        "z3.cnzz.com",
        "c.cnzz.com",
        "stj.v1vo.top",
        "z12.cnzz.com",
        "img.mosflower.cn",
        "tips.gamevvip.com",
        "ehwe.yhdtns.com",
        "xdn.cqqc3.com",
        "www.jixunkyy.cn",
        "sp.chemacid.cn",
        "hm.baidu.com",
        "s9.cnzz.com",
        "z6.cnzz.com",
        "um.cavuc.com",
        "mav.mavuz.com",
        "wofwk.aoidf3.com",
        "z5.cnzz.com",
        "xc.hubeijieshikj.cn",
        "tj.tianwenhu.com",
        "xg.gars57.cn",
        "k.jinxiuzhilv.com",
        "cdn.bootcss.com",
        "ppl.xunzhuo123.com",
        "xomk.jiangjunmh.top",
        "img.xunzhuo123.com",
        "z1.cnzz.com",
        "s13.cnzz.com",
        "xg.huataisangao.cn",
        "z7.cnzz.com",
        "xg.huataisangao.cn",
        "z2.cnzz.com",
        "s96.cnzz.com",
        "q11.cnzz.com",
        "thy.dacedsfa.cn",
        "xg.whsbpw.cn",
        "s19.cnzz.com",
        "z8.cnzz.com",
        "s4.cnzz.com",
        "f5w.as12df.top",
        "ae01.alicdn.com",
        "www.92424.cn",
        "k.wudejia.com",
        "vivovip.mmszxc.top",
        "qiu.xixiqiu.com",
        "cdnjs.hnfenxun.com",
        "cms.qdwght.com",
	"https://lf1-cdn-tos.bytegoofy.com/obj/tos-cn-i-dy/455ccf9e8ae744378118e4bd289288dd"
    ]
}
