{
  "spider": "./custom_spider.jar;md5;43989964965deab2a4b6b48251043412",
  "sites": [
    {
      "key": "dr_豆瓣",
      "name": "🔍豆瓣荐片(js)",
      "type": 3,
      "api": "./js/lib/drpy2.min.js",
      "searchable": 2,
      "quickSearch": 0,
      "filterable": 0,
      "ext": "./js/douban.js"
    },
    {
      "key": "玩偶gg",
      "name": "玩偶gg",
      "type": 3,
      "api": "csp_Wogg",
      "searchable": 1,
      "changeable": 0,
      "ext": {
        "commonConfig": "./peizhi.json",
        "siteUrl": "https://www.wogg.bf/",
        "filter": "./wogg.json"
      }
    },
    {
      "key": "哔哩FM",
      "name": "哔哩",
      "type": 3,
      "api": "csp_Bili",
      "searchable": 1,
      "changeable": 0,
      "style": {
        "type": "rect",
        "ratio": 1.433
      },
      "ext": {
        "json": "./bilibili.json",
        "cookie": "qwewqddasdasd"
      }
    },
    {
      "key": "玩偶 | 蜡笔",
      "name": "玩偶 | 蜡笔",
      "type": 3,
      "api": "csp_kongbai",
      "searchable": 1,
      "changeable": 0,
      "ext": {
        "commonConfig": "./peizhi.json",
        "siteUrl": "http://labipan.com/",
        "filter": "./wogg.json"
      }
    },
    {
      "key": "ConfigCenter",
      "name": "配置中心",
      "type": 3,
      "api": "csp_ConfigCenter",
      "searchable": 0,
      "changeable": 0,
      "ext": {
        "commonConfig": "./peizhi.json"
      }
    },
    {
      "key": "TgYunPan|服务器",
      "name": "TgYunPan|服务器",
      "type": 3,
      "api": "csp_TgYunPan",
      "searchable": 1,
      "filterable": 0,
      "switchable": 0,
      "ext": {
        "siteUrl": "http://127.0.0.1:9999",
        "channelUsername": "hao115,guaguale115,dianyingshare,XiangxiuNB,yunpanpan,kuakeyun,zaihuayun,Quark_Movies,alyp_4K_Movies,vip115hot,yunpanshare,ucwangpan,Quark_Share_Channel,Aliyundrive_Share_Channel,shareAliyun,ikiviyyp,wanwansubchat,wangpanziyuan2021,alyp_1,quanziyuanshe",
        "commonConfig": "./peizhi.json"
      }
    },
    {
      "key": "TgYunPan|本地",
      "name": "TgYunPan|本地",
      "type": 3,
      "api": "csp_TgYunPanLocal",
      "searchable": 1,
      "filterable": 0,
      "switchable": 0,
      "ext": {
        "channelUsername": "hao115,guaguale115,dianyingshare,XiangxiuNB,yunpanpan,kuakeyun,zaihuayun,Quark_Movies,alyp_4K_Movies,vip115hot,yunpanshare,ucwangpan,Quark_Share_Channel,Aliyundrive_Share_Channel,shareAliyun,ikiviyyp,wanwansubchat,wangpanziyuan2021,alyp_1,quanziyuanshe",
        "commonConfig": "./peizhi.json"
      }
    },
    {
      "key": "星剧社",
      "name": "星剧社",
      "type": 3,
      "api": "csp_Star2",
      "searchable": 1,
      "filterable": 0,
      "switchable": 0,
      "ext": {
        "commonConfig": "./peizhi.json"
      }
    },
    {
      "key": "易搜",
      "name": "易搜|4K",
      "type": 3,
      "api": "csp_YiSo",
      "searchable": 1,
      "filterable": 0,
      "switchable": 0,
      "ext": {
        "cookie": "",
        "commonConfig": "./peizhi.json"
      }
    },
    {
      "key": "盤搜索",
      "name": "盤搜索",
      "type": 3,
      "api": "csp_PanSearch",
      "searchable": 1,
      "changeable": 0,
      "ext": {
        "commonConfig": "./peizhi.json"
      }
    },
    {
      "key": "紙條搜",
      "name": "紙條搜",
      "type": 3,
      "api": "csp_XiaoZhiTiao",
      "searchable": 1,
      "changeable": 0,
      "ext": {
        "commonConfig": "./peizhi.json"
      }
    },
    {
      "key": "Youtube",
      "name": "Youtube",
      "type": 3,
      "api": "csp_Youtube",
      "searchable": 1,
      "changeable": 1,
      "style": {
        "type": "rect",
        "ratio": 1.433
      },
      "ext": {
        "commonConfig": "./peizhi.json",
        "json": "./youtube.json",
        "cookie": ""
      }
    },
    {
      "key": "賤賤",
      "name": "賤賤",
      "type": 3,
      "api": "csp_Jianpian",
      "searchable": 1,
      "changeable": 1,
      "ext": "https://ghp.ci/https://raw.githubusercontent.com/FongMi/CatVodSpider/main/json/jianpian.json"
    },
    {
      "key": "网盘集合",
      "name": "网盘集合|4K",
      "type": 3,
      "api": "csp_网盘集合",
      "searchable": 1,
      "filterable": 0,
      "switchable": 0,
      "ext": {
        "commonConfig": "./peizhi.json",
        "share": "./网盘集合.json"
      }
    },
    {
      "key": "push_agent",
      "name": "推送",
      "type": 3,
      "api": "csp_Push",
      "searchable": 1,
      "filterable": 0,
      "switchable": 0,
      "ext": {
        "commonConfig": "./peizhi.json"
      }
    }
  ]
}
