{
  "video": {
    "sites": [
      {
        "key": "xiaoya-tvbox",
        "name": "🟢 小雅Tv",
        "type": 3,
        "api": "/cat/xiaoya.js",
        "ext": "VOD_EXT"
      },
      {
        "key": "douyu",
        "name": "🟢 斗鱼",
        "type": 3,
        "api": "/cat/douyu_open.js"
      },
      {
        "key": "huya",
        "name": "🟢 虎牙",
        "type": 3,
        "api": "/cat/huya_open.js"
      },
      {
        "key": "lz",
        "name": "🟢 量子",
        "type": 3,
        "api": "/cat/lz_open.js"
      },
      {
        "key": "mybl",
        "name": "🟢 哔哩",
        "type": 3,
        "api": "/cat/bili_open.js"
      },
      {
        "key": "libvio",
        "name": "🟢 libvio",
        "type": 3,
        "api": "/cat/libvio_open.js"
      },
      {
        "key": "cntv",
        "name": "🟢 电视",
        "type": 3,
        "api": "/cat/cntv_open.js"
      },
      {
        "key": "nivod",
        "name": "🟡 泥巴✈",
        "type": 3,
        "api": "/cat/nivod_op.js",
        "ext": "做爱"
      },
      {
        "key": "duboku",
        "name": "🟡 独播✈",
        "type": 3,
        "api": "/cat/duboku_open.js"
      },
      {
        "key": "duboku2",
        "name": "🟢 独播",
        "type": 3,
        "api": "/cat/duboku2_open.js"
      },
      {
        "key": "subaibai",
        "name": "🟢 素白",
        "type": 3,
        "api": "/cat/subaibai_open.js"
      },
      {
        "key": "kuqimv",
        "name": "🟢 酷奇",
        "type": 3,
        "api": "/cat/kuqimv_open.js"
      },
      {
        "key": "230ts",
        "name": "🟢 听书",
        "type": 3,
        "api": "/cat/230ts_open.js"
      },
      {
        "key": "0809",
        "name": "🟢 听歌",
        "type": 3,
        "api": "/cat/dj0898_open.js"
      },
      {
        "key": "ubestkid",
        "name": "🟢 乐虎",
        "type": 3,
        "api": "/cat/ubestkid_open.js"
      },
      {
        "key": "boosj",
        "name": "🟢 童趣",
        "type": 3,
        "api": "/cat/boosj_open.js"
      },
      {
        "key": "tuxiaobei",
        "name": "🟢 小贝",
        "type": 3,
        "api": "/cat/tuxiaobei_open.js"
      },
      {
        "key": "bilibili",
        "name": "\uD83D\uDD34 BiliBili",
        "type": 3,
        "api": "/cat/bilibili.js",
        "ext": "BILIBILI_EXT"
      },
      {
        "key": "wogg",
        "name": "\uD83D\uDD34 玩偶",
        "type": 3,
        "api": "/cat/wogg.js",
        "ext": "ALI_TOKEN"
      },
      {
        "key": "kunyu77",
        "name": "\uD83D\uDD34 七七",
        "type": 3,
        "api": "/cat/kunyu77_open.js"
      },
      {
        "key": "czzy",
        "name": "\uD83D\uDD34 厂长",
        "type": 3,
        "api": "/cat/czzy_open.js"
      }
    ]
  },
  "read": {
    "sites": [
      {
        "key": "13bqg",
        "name": "\uD83D\uDD34 笔趣阁",
        "type": 10,
        "api": "/cat/13bqg_open.js"
      },
      {
        "key": "bookan",
        "name": "博看听书",
        "type": 10,
        "api": "/cat/bookan_open.js"
      }
    ]
  },
  "comic": {
    "sites": [
      {
        "key": "copymanga",
        "name": "\uD83D\uDD34 拷贝漫画",
        "type": 20,
        "api": "/cat/copymanga_open.js"
      }
    ]
  },
  "pan": {
    "sites": [
      {
        "key": "alist",
        "name": "Alist",
        "type": 40,
        "api": "/cat/alist_open.js",
        "ext": [
          {
            "name": "小雅",
            "server": "ALIST_URL",
            "startPage": "/",
            "showAll": false,
            "search": true,
            "headers": {
              "Authorization": "ALIST_TOKEN"
            },
            "params": {
            }
          },
          {
            "name": "🐋一只鱼",
            "server": "https://alist.youte.ml"
          },
          {
            "name": "🌊七米蓝",
            "server": "https://al.chirmyram.com"
          },
          {
            "name": "🐉神族九帝",
            "server": "https://alist.shenzjd.com"
          },
          {
            "name": "☃️姬路白雪",
            "server": "https://pan.jlbx.xyz"
          },
          {
            "name": "✨星梦",
            "server": "https://pan.bashroot.top"
          },
          {
            "name": "💢repl",
            "server": "https://ali.liucn.repl.co"
          },
          {
            "name": "讯维云盘",
            "server": "https://pan.xwbeta.com"
          }
        ]
      }
    ]
  }
}
