{
  "video": {
    "sites": [
      {
        "key": "xiaoya-tvbox",
        "name": "🟢 小雅Tv",
        "type": 3,
        "api": "/cat/xiaoya.js",
        "ext": "VOD_EXT"
      },
      {
        "key": "bilibili",
        "name": "🟢 BiliBili",
        "type": 3,
        "api": "/cat/bilibili.js",
        "ext": "BILIBILI_EXT"
      },
      {
        "key": "douban",
        "name": "豆瓣",
        "type": 3,
        "indexs": 1,
        "api": "/cat/douban_open.js"
      },
      {
        "key": "doubanbb",
        "name": "豆瓣片单",
        "type": 3,
        "indexs": 1,
        "api": "/cat/doubanbb.js"
      },
      {
        "key": "douyu",
        "name": "🟢 斗鱼",
        "type": 3,
        "api": "/cat/douyu_open.js"
      },
      {
        "key": "huya",
        "name": "🟢 虎牙",
        "type": 3,
        "api": "/cat/huya_open.js"
      },
      {
        "key": "lz",
        "name": "🟢 量子",
        "type": 3,
        "api": "/cat/lz_open.js"
      },
      {
        "key": "sc1080",
        "name": "\uD83D\uDFE2 圣城影视",
        "type": 3,
        "api": "/cat/sc1080_open.js"
      },
      {
        "key": "ddys",
        "name": "\uD83D\uDFE2 低端影视",
        "type": 3,
        "api": "/cat/ddys_open.js"
      },
      {
        "key": "ggys",
        "name": "\uD83D\uDFE2 高光影视",
        "type": 3,
        "api": "/cat/ggys_open.js"
      },
      {
        "key": "ikanbot",
        "name": "\uD83D\uDFE2 爱看",
        "type": 3,
        "api": "/cat/ikanbot_open.js"
      },
      {
        "key": "ng",
        "name": "\uD83D\uDFE2 南瓜",
        "type": 3,
        "api": "/cat/ng_open.js"
      },
      {
        "key": "yiqik",
        "name": "\uD83D\uDFE2 一起",
        "type": 3,
        "api": "/cat/yqktv_open.js"
      },
      {
        "key": "555",
        "name": "\uD83D\uDFE2 五五",
        "type": 3,
        "api": "/cat/555dy_open.js"
      },
      {
        "key": "voflix",
        "name": "\uD83D\uDFE2 VF",
        "type": 3,
        "api": "/cat/voflix_open.js"
      },
      {
        "key": "inmi",
        "name": "\uD83D\uDFE2 映迷",
        "type": 3,
        "api": "/cat/ym_open.js"
      },
      {
        "key": "wf",
        "name": "\uD83D\uDFE2 奈飞",
        "type": 3,
        "api": "/cat/wf_open.js"
      },
      {
        "key": "adm",
        "name": "\uD83D\uDFE2 爱动漫",
        "type": 3,
        "api": "/cat/adm_open.js"
      },
      {
        "key": "anfun",
        "name": "\uD83D\uDFE2 Afun",
        "type": 3,
        "api": "/cat/anfun_open.js"
      },
      {
        "key": "58dm",
        "name": "\uD83D\uDFE2 五八动漫",
        "type": 3,
        "api": "/cat/58dm_open.js"
      },
      {
        "key": "bili_open",
        "name": "🟢 哔哩",
        "type": 3,
        "api": "/cat/bili_open.js"
      },
      {
        "key": "libvio",
        "name": "🟢 libvio",
        "type": 3,
        "api": "/cat/libvio_open.js"
      },
      {
        "key": "cntv",
        "name": "🟢 电视",
        "type": 3,
        "api": "/cat/cntv_open.js"
      },
      {
        "key": "live",
        "name": "\uD83D\uDFE2 直播",
        "type": 3,
        "api": "/cat/caiji.js",
        "ext": "https://tvbox.serv00.net/live.php"
      },
      {
        "key": "nivod",
        "name": "🟡 泥巴✈",
        "type": 3,
        "api": "/cat/nivod_op.js",
        "ext": "做爱"
      },
      {
        "key": "duboku",
        "name": "🟡 独播✈",
        "type": 3,
        "api": "/cat/duboku_open.js"
      },
      {
        "key": "duboku2",
        "name": "🟢 独播",
        "type": 3,
        "api": "/cat/duboku2_open.js"
      },
      {
        "key": "subaibai",
        "name": "🟢 素白",
        "type": 3,
        "api": "/cat/subaibai_open.js"
      },
      {
        "key": "kuqimv",
        "name": "🟢 酷奇",
        "type": 3,
        "api": "/cat/kuqimv_open.js"
      },
      {
        "key": "230ts",
        "name": "🟢 听书",
        "type": 3,
        "api": "/cat/230ts_open.js"
      },
      {
        "key": "0809",
        "name": "🟢 听歌",
        "type": 3,
        "api": "/cat/dj0898_open.js"
      },
      {
        "key": "ubestkid",
        "name": "🟢 乐虎",
        "type": 3,
        "api": "/cat/ubestkid_open.js"
      },
      {
        "key": "boosj",
        "name": "🟢 童趣",
        "type": 3,
        "api": "/cat/boosj_open.js"
      },
      {
        "key": "tuxiaobei",
        "name": "🟢 小贝",
        "type": 3,
        "api": "/cat/tuxiaobei_open.js"
      },
      {
        "key": "wogg",
        "name": "\uD83D\uDD34 玩偶",
        "type": 3,
        "api": "/cat/wogg.js",
        "ext": "ALI_TOKEN"
      },
      {
        "key": "kunyu77",
        "name": "\uD83D\uDD34 七七",
        "type": 3,
        "api": "/cat/kunyu77_open.js"
      },
      {
        "key": "czzy",
        "name": "\uD83D\uDD34 厂长",
        "type": 3,
        "api": "/cat/czzy_open.js"
      }
    ]
  },
  "read": {
    "sites": [
      {
        "key": "13bqg",
        "name": "笔趣阁",
        "type": 10,
        "api": "/cat/13bqg_open.js"
      },
      {
        "key": "lbgs",
        "name": "老白故事",
        "type": 10,
        "api": "/cat/lbgs_open.js"
      },
      {
        "key": "bookan",
        "name": "博看听书",
        "type": 10,
        "api": "/cat/bookan_open.js"
      },
      {
        "key": "230ts_book",
        "name": "爱上你听书",
        "type": 10,
        "api": "/cat/230ts_book_open.js"
      }
    ]
  },
  "comic": {
    "sites": [
      {
        "key": "bengou",
        "name": "笨狗漫画",
        "type": 20,
        "api": "/cat/bengou_open.js"
      },
      {
        "key": "mkz",
        "name": "漫客栈漫画",
        "type": 20,
        "api": "/cat/mkz_open.js"
      },
      {
        "key": "boutique",
        "name": "风车漫画",
        "type": 20,
        "api": "/cat/boutique_comics_open.js"
      },
      {
        "key": "baozimh",
        "name": "\uD83D\uDD34 包子漫画",
        "type": 20,
        "api": "/cat/baozimh_open.js"
      },
      {
        "key": "copymanga",
        "name": "\uD83D\uDD34 拷贝漫画",
        "type": 20,
        "api": "/cat/copymanga_open.js"
      }
    ]
  },
  "pan": {
    "sites": [
      {
        "key": "alist",
        "name": "Alist",
        "type": 40,
        "api": "/cat/alist_open.js",
        "ext": [
          {
            "name": "小雅",
            "server": "ALIST_URL",
            "startPage": "/",
            "showAll": false,
            "search": true,
            "headers": {
              "Authorization": "ALIST_TOKEN"
            },
            "params": {
            }
          },
          {
            "name": "🐋一只鱼",
            "server": "https://alist.youte.ml"
          },
          {
            "name": "🌊七米蓝",
            "server": "https://al.chirmyram.com"
          },
          {
            "name": "🐉神族九帝",
            "server": "https://alist.shenzjd.com"
          },
          {
            "name": "☃️姬路白雪",
            "server": "https://pan.jlbx.xyz"
          },
          {
            "name": "✨星梦",
            "server": "https://pan.bashroot.top"
          },
          {
            "name": "💢repl",
            "server": "https://ali.liucn.repl.co"
          },
          {
            "name": "讯维云盘",
            "server": "https://pan.xwbeta.com"
          }
        ]
      }
    ]
  }
}
